Post.id|Person.id
1236950581248|4145
3|4145
2061584302084|4145
1649267441688|4145
1786706395168|4145
1236950581288|4145
824633720888|4145
1786706395207|4145
1236950581328|4145
824633720928|4145
274877907075|4145
1374389534855|4145
2061584302227|4145
274877907111|4145
1786706395304|4145
137438953643|4145
1099511627955|4145
1924145348808|4145
1924145348817|4145
1649267441919|4145
962072674562|4145
687194767630|4145
137438953758|4145
274877907233|4145
1374389535010|4145
412316860718|4145
1786706395439|4145
824633721136|4145
1099511628086|4145
412316860735|4145
1374389535044|4145
687194767699|4145
412316860780|4145
1374389535093|4145
1236950581630|4145
1236950581631|4145
1099511628173|4145
2061584302494|4145
274877907367|4145
1786706395566|4145
2061584302527|4145
1374389535177|4145
2061584302540|4145
549755814351|4145
1374389535204|4145
549755814388|4145
1374389535227|4145
412316860937|4145
1511828488745|4145
962072674866|4145
1236950581829|4145
2061584302676|4145
274877907546|4145
1099511628397|4145
1649267442288|4145
2061584302709|4145
412316861051|4145
1924145349256|4145
412316861074|4145
1511828488851|4145
664|4145
687194768025|4145
1374389535387|4145
962072674974|4145
1374389535395|4145
549755814579|4145
687194768059|4145
687194768073|4145
962072675019|4145
274877907663|4145
274877907678|4145
549755814625|4145
274877907682|4145
274877907685|4145
687194768116|4145
137438954234|4145
549755814671|4145
549755814677|4145
137438954265|4145
687194768158|4145
962072675105|4145
549755814697|4145
137438954302|4145
549755814733|4145
549755814748|4145
137438954342|4145
687194768243|4145
137438954372|4145
687194768279|4145
687194768281|4145
549755814811|4145
549755814824|4145
549755814834|4145
687194768327|4145
1374389535700|4145
1374389535701|4145
1374389535702|4145
1374389535703|4145
1374389535704|4145
1374389535705|4145
1374389535706|4145
1374389535707|4145
1374389535708|4145
1374389535709|4145
1374389535710|4145
1374389535711|4145
1374389535712|4145
1374389535713|4145
1374389535714|4145
1374389535715|4145
1374389535716|4145
1374389535717|4145
1374389535718|4145
549755814887|4145