id|firstName|lastName|gender|birthday|creationDate|locationIP|browserUsed|place
4145|Albade|Maazou|female|1981-03-21|2010-03-13T02:10:23.099+0000|41.138.53.138|Internet Explorer|1263
5296|Rafael|Oliveira|male|1987-06-08|2010-02-05T06:08:26.512+0000|192.160.128.234|Internet Explorer|574
6192|Abdul Rahman|Budjana|male|1990-01-26|2010-02-08T20:32:23.706+0000|27.112.77.226|Firefox|640
6660|Jerzy|Ciesla|female|1982-12-28|2010-03-23T11:02:30.998+0000|31.192.218.139|Firefox|1285
8491|Chen|Xu|female|1985-02-27|2010-03-31T15:59:11.072+0000|1.1.7.155|Chrome|437
8664|Andrej|Benedejcic|female|1988-08-31|2010-03-24T03:12:59.456+0000|90.157.195.42|Firefox|549
10027|Ning|Chen|female|1982-12-08|2010-03-27T12:58:05.517+0000|1.2.9.86|Firefox|332
10664|Emperor of Brazil|Barreto|female|1982-02-02|2010-03-04T09:43:10.090+0000|192.111.230.73|Internet Explorer|576
2199023256013|Eli|Peretz|female|1989-01-18|2010-04-28T05:16:53.514+0000|193.194.1.47|Internet Explorer|1227
2199023256728|Giuseppe|Donati|male|1989-07-27|2010-05-13T23:46:51.257+0000|46.30.252.0|Firefox|1176
2199023257584|Gabriel|Rodriguez|female|1987-09-20|2010-04-09T20:04:03.175+0000|148.229.11.162|Firefox|726
2199023259985|Wei|Yang|female|1985-03-19|2010-04-06T22:43:26.134+0000|1.93.83.192|Safari|473
2199023260758|Antonio|Alvarez|female|1981-05-03|2010-05-05T04:47:35.222+0000|148.231.201.255|Firefox|743
2199023261098|Asim|Ahmed|female|1987-02-18|2010-05-04T22:43:48.354+0000|122.129.74.28|Internet Explorer|778
2199023261728|Jun|Li|female|1983-08-11|2010-04-04T20:19:11.814+0000|27.129.140.209|Chrome|467
2199023262647|Muhammad|Malik|female|1989-08-31|2010-05-11T17:28:00.660+0000|202.47.94.255|Chrome|787
2199023265737|Jie|Chen|male|1986-01-26|2010-05-10T05:25:47.508+0000|27.98.219.194|Firefox|425
2199023266220|Chris|Jasani|female|1981-05-22|2010-05-15T19:36:36.415+0000|196.223.11.62|Firefox|1194
4398046512372|Michael|Li|male|1983-04-20|2010-07-25T08:11:43.987+0000|1.3.111.156|Firefox|463
4398046516427|Li|Wang|female|1982-08-23|2010-08-03T05:00:54.053+0000|1.10.85.54|Internet Explorer|504
4398046519044|Li|Li|female|1982-04-22|2010-07-12T22:00:25.712+0000|14.102.131.107|Chrome|489
4398046521398|Imtiaz|Ahmed|female|1983-11-15|2010-06-15T09:59:31.118+0000|61.5.137.198|Firefox|756
